{"strategy":{"FreqaiExampleStrategy":{"trades":[{"pair":"ALGO/USDT:USDT","stake_amount":199.9946,"max_stake_amount":199.9946,"amount":1030.9,"open_date":"2025-06-01 07:33:00+00:00","close_date":"2025-06-01 11:33:00+00:00","open_rate":0.194,"close_rate":0.1919,"fee_open":0.0005,"fee_close":0.0005,"trade_duration":240,"profit_ratio":-0.011789415515618221,"profit_abs":-2.35899835,"exit_reason":"roi","initial_stop_loss_abs":0.1843,"initial_stop_loss_ratio":-0.05,"stop_loss_abs":0.1843,"stop_loss_ratio":-0.05,"min_rate":0.1893,"max_rate":0.1944,"is_open":false,"enter_tag":"long","leverage":1.0,"is_short":false,"open_timestamp":1748763180000,"close_timestamp":1748777580000,"orders":[{"amount":1030.9,"safe_price":0.194,"ft_order_side":"buy","order_filled_timestamp":1748763180000,"ft_is_entry":true,"ft_order_tag":"long","cost":200.0945973},{"amount":1030.9,"safe_price":0.1919,"ft_order_side":"sell","order_filled_timestamp":1748777580000,"ft_is_entry":false,"ft_order_tag":"roi","cost":197.92862485499998}],"funding_fees":0.004803801840240001},{"pair":"ALGO/USDT:USDT","stake_amount":199.9984,"max_stake_amount":199.9984,"amount":1020.4,"open_date":"2025-06-01 18:15:00+00:00","close_date":"2025-06-01 22:15:00+00:00","open_rate":0.196,"close_rate":0.1963,"fee_open":0.0005,"fee_close":0.0005,"trade_duration":240,"profit_ratio":0.0005295821477016594,"profit_abs":0.10596854,"exit_reason":"roi","initial_stop_loss_abs":0.1862,"initial_stop_loss_ratio":-0.05,"stop_loss_abs":0.1862,"stop_loss_ratio":-0.05,"min_rate":0.192,"max_rate":0.1964,"is_open":false,"enter_tag":"long","leverage":1.0,"is_short":false,"open_timestamp":1748801700000,"close_timestamp":1748816100000,"orders":[{"amount":1020.4,"safe_price":0.196,"ft_order_side":"buy","order_filled_timestamp":1748801700000,"ft_is_entry":true,"ft_order_tag":"long","cost":200.0983992},{"amount":1020.4,"safe_price":0.1963,"ft_order_side":"sell","order_filled_timestamp":1748816100000,"ft_is_entry":false,"ft_order_tag":"roi","cost":200.40467225999998}],"funding_fees":0.0},{"pair":"ALGO/USDT:USDT","stake_amount":199.98689,"max_stake_amount":199.98689,"amount":1026.1,"open_date":"2025-06-02 01:30:00+00:00","close_date":"2025-06-02 05:30:00+00:00","open_rate":0.1949,"close_rate":0.1921,"fee_open":0.0005,"fee_close":0.0005,"trade_duration":240,"profit_ratio":-0.015351482801441762,"profit_abs":-3.07163035,"exit_reason":"roi","initial_stop_loss_abs":0.1852,"initial_stop_loss_ratio":-0.05,"stop_loss_abs":0.1852,"stop_loss_ratio":-0.05,"min_rate":0.1912,"max_rate":0.195,"is_open":false,"enter_tag":"long","leverage":1.0,"is_short":false,"open_timestamp":1748827800000,"close_timestamp":1748842200000,"orders":[{"amount":1026.1,"safe_price":0.1949,"ft_order_side":"buy","order_filled_timestamp":1748827800000,"ft_is_entry":true,"ft_order_tag":"long","cost":200.08688344499996},{"amount":1026.1,"safe_price":0.1921,"ft_order_side":"sell","order_filled_timestamp":1748842200000,"ft_is_entry":false,"ft_order_tag":"roi","cost":197.21236690499995}],"funding_fees":0.0},{"pair":"ALGO/USDT:USDT","stake_amount":199.9998,"max_stake_amount":199.9998,"amount":1001.0,"open_date":"2025-06-03 20:18:00+00:00","close_date":"2025-06-04 00:18:00+00:00","open_rate":0.1998,"close_rate":0.1979,"fee_open":0.0005,"fee_close":0.0005,"trade_duration":240,"profit_ratio":-0.010598213096963722,"profit_abs":-2.12070032,"exit_reason":"roi","initial_stop_loss_abs":0.1899,"initial_stop_loss_ratio":-0.05,"stop_loss_abs":0.1899,"stop_loss_ratio":-0.05,"min_rate":0.1955,"max_rate":0.2,"is_open":false,"enter_tag":"long","leverage":1.0,"is_short":false,"open_timestamp":1748981880000,"close_timestamp":1748996280000,"orders":[{"amount":1001.0,"safe_price":0.1998,"ft_order_side":"buy","order_filled_timestamp":1748981880000,"ft_is_entry":true,"ft_order_tag":"long","cost":200.0997999},{"amount":1001.0,"safe_price":0.1979,"ft_order_side":"sell","order_filled_timestamp":1748996280000,"ft_is_entry":false,"ft_order_tag":"roi","cost":198.19694894999998}],"funding_fees":-0.019751468737},{"pair":"ALGO/USDT:USDT","stake_amount":199.98052,"max_stake_amount":199.98052,"amount":1014.1,"open_date":"2025-06-04 00:30:00+00:00","close_date":"2025-06-04 04:30:00+00:00","open_rate":0.1972,"close_rate":0.1999,"fee_open":0.0005,"fee_close":0.0005,"trade_duration":240,"profit_ratio":0.012678498453965306,"profit_abs":2.53672044,"exit_reason":"roi","initial_stop_loss_abs":0.1874,"initial_stop_loss_ratio":-0.05,"stop_loss_abs":0.1874,"stop_loss_ratio":-0.05,"min_rate":0.1963,"max_rate":0.2009,"is_open":false,"enter_tag":"long","leverage":1.0,"is_short":false,"open_timestamp":1748997000000,"close_timestamp":1749011400000,"orders":[{"amount":1014.1,"safe_price":0.1972,"ft_order_side":"buy","order_filled_timestamp":1748997000000,"ft_is_entry":true,"ft_order_tag":"long","cost":200.08051025999998},{"amount":1014.1,"safe_price":0.1999,"ft_order_side":"sell","order_filled_timestamp":1749011400000,"ft_is_entry":false,"ft_order_tag":"roi","cost":202.819949295}],"funding_fees":0.0},{"pair":"1INCH/USDT:USDT","stake_amount":199.9838,"max_stake_amount":199.9838,"amount":991.0,"open_date":"2025-06-05 20:15:00+00:00","close_date":"2025-06-06 00:15:00+00:00","open_rate":0.2018,"close_rate":0.1941,"fee_open":0.0005,"fee_close":0.0005,"trade_duration":240,"profit_ratio":-0.03905339975716444,"profit_abs":-7.81395231,"exit_reason":"roi","initial_stop_loss_abs":0.1918,"initial_stop_loss_ratio":-0.05,"stop_loss_abs":0.1918,"stop_loss_ratio":-0.05,"min_rate":0.1933,"max_rate":0.2018,"is_open":false,"enter_tag":"long","leverage":1.0,"is_short":false,"open_timestamp":1749154500000,"close_timestamp":1749168900000,"orders":[{"amount":991.0,"safe_price":0.2018,"ft_order_side":"buy","order_filled_timestamp":1749154500000,"ft_is_entry":true,"ft_order_tag":"long","cost":200.0837919},{"amount":991.0,"safe_price":0.1941,"ft_order_side":"sell","order_filled_timestamp":1749168900000,"ft_is_entry":false,"ft_order_tag":"roi","cost":192.44927654999998}],"funding_fees":0.012916143994999999},{"pair":"1INCH/USDT:USDT","stake_amount":199.9998,"max_stake_amount":199.9998,"amount":1001.0,"open_date":"2025-06-09 07:24:00+00:00","close_date":"2025-06-09 11:24:00+00:00","open_rate":0.1998,"close_rate":0.2057,"fee_open":0.0005,"fee_close":0.0005,"trade_duration":240,"profit_ratio":0.02840381026288073,"profit_abs":5.68359675,"exit_reason":"roi","initial_stop_loss_abs":0.1899,"initial_stop_loss_ratio":-0.05,"stop_loss_abs":0.1899,"stop_loss_ratio":-0.05,"min_rate":0.1997,"max_rate":0.206,"is_open":false,"enter_tag":"long","leverage":1.0,"is_short":false,"open_timestamp":1749453840000,"close_timestamp":1749468240000,"orders":[{"amount":1001.0,"safe_price":0.1998,"ft_order_side":"buy","order_filled_timestamp":1749453840000,"ft_is_entry":true,"ft_order_tag":"long","cost":200.0997999},{"amount":1001.0,"safe_price":0.2057,"ft_order_side":"sell","order_filled_timestamp":1749468240000,"ft_is_entry":false,"ft_order_tag":"roi","cost":206.00865284999998}],"funding_fees":-0.019350496865699996},{"pair":"1INCH/USDT:USDT","stake_amount":199.9416,"max_stake_amount":199.9416,"amount":1101.0,"open_date":"2025-06-24 10:00:00+00:00","close_date":"2025-06-24 14:00:00+00:00","open_rate":0.1816,"close_rate":0.1812,"fee_open":0.0005,"fee_close":0.0005,"trade_duration":240,"profit_ratio":-0.003199941879280624,"profit_abs":-0.6401214,"exit_reason":"roi","initial_stop_loss_abs":0.1726,"initial_stop_loss_ratio":-0.05,"stop_loss_abs":0.1726,"stop_loss_ratio":-0.05,"min_rate":0.1796,"max_rate":0.1819,"is_open":false,"enter_tag":"long","leverage":1.0,"is_short":false,"open_timestamp":1750759200000,"close_timestamp":1750773600000,"orders":[{"amount":1101.0,"safe_price":0.1816,"ft_order_side":"buy","order_filled_timestamp":1750759200000,"ft_is_entry":true,"ft_order_tag":"long","cost":200.04157080000002},{"amount":1101.0,"safe_price":0.1812,"ft_order_side":"sell","order_filled_timestamp":1750773600000,"ft_is_entry":false,"ft_order_tag":"roi","cost":199.6009506}],"funding_fees":0.0},{"pair":"1INCH/USDT:USDT","stake_amount":199.9344,"max_stake_amount":199.9344,"amount":1104.0,"open_date":"2025-06-24 14:03:00+00:00","close_date":"2025-06-24 18:03:00+00:00","open_rate":0.1811,"close_rate":0.1826,"fee_open":0.0005,"fee_close":0.0005,"trade_duration":240,"profit_ratio":0.007174822307234014,"profit_abs":1.43521104,"exit_reason":"roi","initial_stop_loss_abs":0.1721,"initial_stop_loss_ratio":-0.05,"stop_loss_abs":0.1721,"stop_loss_ratio":-0.05,"min_rate":0.1807,"max_rate":0.1846,"is_open":false,"enter_tag":"long","leverage":1.0,"is_short":false,"open_timestamp":1750773780000,"close_timestamp":1750788180000,"orders":[{"amount":1104.0,"safe_price":0.1811,"ft_order_side":"buy","order_filled_timestamp":1750773780000,"ft_is_entry":true,"ft_order_tag":"long","cost":200.0343672},{"amount":1104.0,"safe_price":0.1826,"ft_order_side":"sell","order_filled_timestamp":1750788180000,"ft_is_entry":false,"ft_order_tag":"roi","cost":201.6911952}],"funding_fees":-0.020026560000000002},{"pair":"1INCH/USDT:USDT","stake_amount":199.8832,"max_stake_amount":199.8832,"amount":1108.0,"open_date":"2025-06-24 20:03:00+00:00","close_date":"2025-06-25 00:03:00+00:00","open_rate":0.1804,"close_rate":0.1824,"fee_open":0.0005,"fee_close":0.0005,"trade_duration":240,"profit_ratio":0.009974587377919258,"profit_abs":1.99474932,"exit_reason":"roi","initial_stop_loss_abs":0.1714,"initial_stop_loss_ratio":-0.05,"stop_loss_abs":0.1714,"stop_loss_ratio":-0.05,"min_rate":0.1799,"max_rate":0.183,"is_open":false,"enter_tag":"long","leverage":1.0,"is_short":false,"open_timestamp":1750795380000,"close_timestamp":1750809780000,"orders":[{"amount":1108.0,"safe_price":0.1804,"ft_order_side":"buy","order_filled_timestamp":1750795380000,"ft_is_entry":true,"ft_order_tag":"long","cost":199.9831416},{"amount":1108.0,"safe_price":0.1824,"ft_order_side":"sell","order_filled_timestamp":1750809780000,"ft_is_entry":false,"ft_order_tag":"roi","cost":202.20024959999998}],"funding_fees":-0.020259483056},{"pair":"1INCH/USDT:USDT","stake_amount":199.9831,"max_stake_amount":199.9831,"amount":1097.0,"open_date":"2025-06-25 00:06:00+00:00","close_date":"2025-06-25 04:06:00+00:00","open_rate":0.1823,"close_rate":0.1818,"fee_open":0.0005,"fee_close":0.0005,"trade_duration":240,"profit_ratio":-0.0037394906496285595,"profit_abs":-0.74820885,"exit_reason":"roi","initial_stop_loss_abs":0.1732,"initial_stop_loss_ratio":-0.05,"stop_loss_abs":0.1732,"stop_loss_ratio":-0.05,"min_rate":0.1815,"max_rate":0.1835,"is_open":false,"enter_tag":"long","leverage":1.0,"is_short":false,"open_timestamp":1750809960000,"close_timestamp":1750824360000,"orders":[{"amount":1097.0,"safe_price":0.1823,"ft_order_side":"buy","order_filled_timestamp":1750809960000,"ft_is_entry":true,"ft_order_tag":"long","cost":200.08309154999998},{"amount":1097.0,"safe_price":0.1818,"ft_order_side":"sell","order_filled_timestamp":1750824360000,"ft_is_entry":false,"ft_order_tag":"roi","cost":199.53431729999997}],"funding_fees":0.0},{"pair":"1INCH/USDT:USDT","stake_amount":199.9416,"max_stake_amount":199.9416,"amount":1101.0,"open_date":"2025-06-25 04:12:00+00:00","close_date":"2025-06-25 08:12:00+00:00","open_rate":0.1816,"close_rate":0.1817,"fee_open":0.0005,"fee_close":0.0005,"trade_duration":240,"profit_ratio":-0.0005497667287863549,"profit_abs":-0.1099762,"exit_reason":"roi","initial_stop_loss_abs":0.1726,"initial_stop_loss_ratio":-0.05,"stop_loss_abs":0.1726,"stop_loss_ratio":-0.05,"min_rate":0.181,"max_rate":0.1832,"is_open":false,"enter_tag":"long","leverage":1.0,"is_short":false,"open_timestamp":1750824720000,"close_timestamp":1750839120000,"orders":[{"amount":1101.0,"safe_price":0.1816,"ft_order_side":"buy","order_filled_timestamp":1750824720000,"ft_is_entry":true,"ft_order_tag":"long","cost":200.04157080000002},{"amount":1101.0,"safe_price":0.1817,"ft_order_side":"sell","order_filled_timestamp":1750839120000,"ft_is_entry":false,"ft_order_tag":"roi","cost":200.15172585}],"funding_fees":-0.020079549156},{"pair":"1INCH/USDT:USDT","stake_amount":199.9081,"max_stake_amount":199.9081,"amount":1099.0,"open_date":"2025-06-25 08:15:00+00:00","close_date":"2025-06-25 12:15:00+00:00","open_rate":0.1819,"close_rate":0.1817,"fee_open":0.0005,"fee_close":0.0005,"trade_duration":240,"profit_ratio":-0.0020979065167800928,"profit_abs":-0.4195982,"exit_reason":"roi","initial_stop_loss_abs":0.1729,"initial_stop_loss_ratio":-0.05,"stop_loss_abs":0.1729,"stop_loss_ratio":-0.05,"min_rate":0.1801,"max_rate":0.1824,"is_open":false,"enter_tag":"long","leverage":1.0,"is_short":false,"open_timestamp":1750839300000,"close_timestamp":1750853700000,"orders":[{"amount":1099.0,"safe_price":0.1819,"ft_order_side":"buy","order_filled_timestamp":1750839300000,"ft_is_entry":true,"ft_order_tag":"long","cost":200.00805405},{"amount":1099.0,"safe_price":0.1817,"ft_order_side":"sell","order_filled_timestamp":1750853700000,"ft_is_entry":false,"ft_order_tag":"roi","cost":199.78814415}],"funding_fees":0.0},{"pair":"1INCH/USDT:USDT","stake_amount":199.98,"max_stake_amount":199.98,"amount":1100.0,"open_date":"2025-06-25 12:24:00+00:00","close_date":"2025-06-25 16:24:00+00:00","open_rate":0.1818,"close_rate":0.1803,"fee_open":0.0005,"fee_close":0.0005,"trade_duration":240,"profit_ratio":-0.009333704634831299,"profit_abs":-1.86748753,"exit_reason":"roi","initial_stop_loss_abs":0.1728,"initial_stop_loss_ratio":-0.05,"stop_loss_abs":0.1728,"stop_loss_ratio":-0.05,"min_rate":0.1789,"max_rate":0.1832,"is_open":false,"enter_tag":"long","leverage":1.0,"is_short":false,"open_timestamp":1750854240000,"close_timestamp":1750868640000,"orders":[{"amount":1100.0,"safe_price":0.1818,"ft_order_side":"buy","order_filled_timestamp":1750854240000,"ft_is_entry":true,"ft_order_tag":"long","cost":200.07998999999998},{"amount":1100.0,"safe_price":0.1803,"ft_order_side":"sell","order_filled_timestamp":1750868640000,"ft_is_entry":false,"ft_order_tag":"roi","cost":198.42916499999998}],"funding_fees":-0.018332528499999997},{"pair":"ALGO/USDT:USDT","stake_amount":199.98944,"max_stake_amount":199.98944,"amount":1124.8,"open_date":"2025-06-25 16:03:00+00:00","close_date":"2025-06-25 17:00:00+00:00","open_rate":0.1778,"close_rate":0.1772,"fee_open":0.0005,"fee_close":0.0005,"trade_duration":57,"profit_ratio":0.0023774541939136046,"profit_abs":0.475228,"exit_reason":"exit_signal","initial_stop_loss_abs":0.1866,"initial_stop_loss_ratio":-0.05,"stop_loss_abs":0.1866,"stop_loss_ratio":-0.05,"min_rate":0.1768,"max_rate":0.1786,"is_open":false,"enter_tag":"short","leverage":1.0,"is_short":true,"open_timestamp":1750867380000,"close_timestamp":1750870800000,"orders":[{"amount":1124.8,"safe_price":0.1778,"ft_order_side":"sell","order_filled_timestamp":1750867380000,"ft_is_entry":true,"ft_order_tag":"short","cost":200.08943471999999},{"amount":1124.8,"safe_price":0.1772,"ft_order_side":"buy","order_filled_timestamp":1750870800000,"ft_is_entry":false,"ft_order_tag":"exit_signal","cost":199.41421728}],"funding_fees":0.0},{"pair":"1INCH/USDT:USDT","stake_amount":199.994,"max_stake_amount":199.994,"amount":1108.0,"open_date":"2025-06-25 20:00:00+00:00","close_date":"2025-06-26 00:00:00+00:00","open_rate":0.1805,"close_rate":0.1799,"fee_open":0.0005,"fee_close":0.0005,"trade_duration":240,"profit_ratio":-0.00430207723822919,"profit_abs":-0.86081983,"exit_reason":"roi","initial_stop_loss_abs":0.1715,"initial_stop_loss_ratio":-0.05,"stop_loss_abs":0.1715,"stop_loss_ratio":-0.05,"min_rate":0.1786,"max_rate":0.1819,"is_open":false,"enter_tag":"long","leverage":1.0,"is_short":false,"open_timestamp":1750881600000,"close_timestamp":1750896000000,"orders":[{"amount":1108.0,"safe_price":0.1805,"ft_order_side":"buy","order_filled_timestamp":1750881600000,"ft_is_entry":true,"ft_order_tag":"long","cost":200.093997},{"amount":1108.0,"safe_price":0.1799,"ft_order_side":"sell","order_filled_timestamp":1750896000000,"ft_is_entry":false,"ft_order_tag":"roi","cost":199.4288646}],"funding_fees":0.0036417744},{"pair":"1INCH/USDT:USDT","stake_amount":199.8948,"max_stake_amount":199.8948,"amount":1113.0,"open_date":"2025-06-26 00:45:00+00:00","close_date":"2025-06-26 04:45:00+00:00","open_rate":0.1796,"close_rate":0.1811,"fee_open":0.0005,"fee_close":0.0005,"trade_duration":240,"profit_ratio":0.007344045126657162,"profit_abs":1.46877045,"exit_reason":"roi","initial_stop_loss_abs":0.1707,"initial_stop_loss_ratio":-0.05,"stop_loss_abs":0.1707,"stop_loss_ratio":-0.05,"min_rate":0.1789,"max_rate":0.1845,"is_open":false,"enter_tag":"long","leverage":1.0,"is_short":false,"open_timestamp":1750898700000,"close_timestamp":1750913100000,"orders":[{"amount":1113.0,"safe_price":0.1796,"ft_order_side":"buy","order_filled_timestamp":1750898700000,"ft_is_entry":true,"ft_order_tag":"long","cost":199.9947474},{"amount":1113.0,"safe_price":0.1811,"ft_order_side":"sell","order_filled_timestamp":1750913100000,"ft_is_entry":false,"ft_order_tag":"roi","cost":201.66508215}],"funding_fees":0.0},{"pair":"1INCH/USDT:USDT","stake_amount":199.9242,"max_stake_amount":199.9242,"amount":1107.0,"open_date":"2025-06-26 06:06:00+00:00","close_date":"2025-06-26 10:06:00+00:00","open_rate":0.1806,"close_rate":0.1802,"fee_open":0.0005,"fee_close":0.0005,"trade_duration":240,"profit_ratio":-0.0033002561943990265,"profit_abs":-0.66013098,"exit_reason":"roi","initial_stop_loss_abs":0.1716,"initial_stop_loss_ratio":-0.05,"stop_loss_abs":0.1716,"stop_loss_ratio":-0.05,"min_rate":0.1791,"max_rate":0.1827,"is_open":false,"enter_tag":"long","leverage":1.0,"is_short":false,"open_timestamp":1750917960000,"close_timestamp":1750932360000,"orders":[{"amount":1107.0,"safe_price":0.1806,"ft_order_side":"buy","order_filled_timestamp":1750917960000,"ft_is_entry":true,"ft_order_tag":"long","cost":200.0241621},{"amount":1107.0,"safe_price":0.1802,"ft_order_side":"sell","order_filled_timestamp":1750932360000,"ft_is_entry":false,"ft_order_tag":"roi","cost":199.5811407}],"funding_fees":-0.017628177959999998},{"pair":"1INCH/USDT:USDT","stake_amount":199.9376,"max_stake_amount":199.9376,"amount":1112.0,"open_date":"2025-06-26 10:45:00+00:00","close_date":"2025-06-26 14:45:00+00:00","open_rate":0.1798,"close_rate":0.1768,"fee_open":0.0005,"fee_close":0.0005,"trade_duration":240,"profit_ratio":-0.017668029166729205,"profit_abs":-3.5342696,"exit_reason":"roi","initial_stop_loss_abs":0.1709,"initial_stop_loss_ratio":-0.05,"stop_loss_abs":0.1709,"stop_loss_ratio":-0.05,"min_rate":0.1744,"max_rate":0.18,"is_open":false,"enter_tag":"long","leverage":1.0,"is_short":false,"open_timestamp":1750934700000,"close_timestamp":1750949100000,"orders":[{"amount":1112.0,"safe_price":0.1798,"ft_order_side":"buy","order_filled_timestamp":1750934700000,"ft_is_entry":true,"ft_order_tag":"long","cost":200.03756879999997},{"amount":1112.0,"safe_price":0.1768,"ft_order_side":"sell","order_filled_timestamp":1750949100000,"ft_is_entry":false,"ft_order_tag":"roi","cost":196.6999008}],"funding_fees":0.0},{"pair":"1INCH/USDT:USDT","stake_amount":199.9983,"max_stake_amount":199.9983,"amount":1137.0,"open_date":"2025-06-26 15:15:00+00:00","close_date":"2025-06-26 19:15:00+00:00","open_rate":0.1759,"close_rate":0.1746,"fee_open":0.0005,"fee_close":0.0005,"trade_duration":240,"profit_ratio":-0.008481097826462959,"profit_abs":-1.69705325,"exit_reason":"roi","initial_stop_loss_abs":0.1672,"initial_stop_loss_ratio":-0.05,"stop_loss_abs":0.1672,"stop_loss_ratio":-0.05,"min_rate":0.1733,"max_rate":0.1764,"is_open":false,"enter_tag":"long","leverage":1.0,"is_short":false,"open_timestamp":1750950900000,"close_timestamp":1750965300000,"orders":[{"amount":1137.0,"safe_price":0.1759,"ft_order_side":"buy","order_filled_timestamp":1750950900000,"ft_is_entry":true,"ft_order_tag":"long","cost":200.09829915},{"amount":1137.0,"safe_price":0.1746,"ft_order_side":"sell","order_filled_timestamp":1750965300000,"ft_is_entry":false,"ft_order_tag":"roi","cost":198.6194601}],"funding_fees":-0.0196939954212192},{"pair":"ALGO/USDT:USDT","stake_amount":199.98846,"max_stake_amount":199.98846,"amount":1163.4,"open_date":"2025-06-26 15:51:00+00:00","close_date":"2025-06-26 19:51:00+00:00","open_rate":0.1719,"close_rate":0.1723,"fee_open":0.0005,"fee_close":0.0005,"trade_duration":240,"profit_ratio":0.00139444292812257,"profit_abs":0.27901193,"exit_reason":"roi","initial_stop_loss_abs":0.1634,"initial_stop_loss_ratio":-0.05,"stop_loss_abs":0.1634,"stop_loss_ratio":-0.05,"min_rate":0.1701,"max_rate":0.1727,"is_open":false,"enter_tag":"long","leverage":1.0,"is_short":false,"open_timestamp":1750953060000,"close_timestamp":1750967460000,"orders":[{"amount":1163.4,"safe_price":0.1719,"ft_order_side":"buy","order_filled_timestamp":1750953060000,"ft_is_entry":true,"ft_order_tag":"long","cost":200.08845423},{"amount":1163.4,"safe_price":0.1723,"ft_order_side":"sell","order_filled_timestamp":1750967460000,"ft_is_entry":false,"ft_order_tag":"roi","cost":200.55404691}],"funding_fees":0.013873067586012602},{"pair":"1INCH/USDT:USDT","stake_amount":199.8477,"max_stake_amount":199.8477,"amount":1131.0,"open_date":"2025-06-26 21:00:00+00:00","close_date":"2025-06-27 01:00:00+00:00","open_rate":0.1767,"close_rate":0.1729,"fee_open":0.0005,"fee_close":0.0005,"trade_duration":240,"profit_ratio":-0.022341576228738964,"profit_abs":-4.46714508,"exit_reason":"roi","initial_stop_loss_abs":0.1679,"initial_stop_loss_ratio":-0.05,"stop_loss_abs":0.1679,"stop_loss_ratio":-0.05,"min_rate":0.1728,"max_rate":0.1768,"is_open":false,"enter_tag":"long","leverage":1.0,"is_short":false,"open_timestamp":1750971600000,"close_timestamp":1750986000000,"orders":[{"amount":1131.0,"safe_price":0.1767,"ft_order_side":"buy","order_filled_timestamp":1750971600000,"ft_is_entry":true,"ft_order_tag":"long","cost":199.94762384999999},{"amount":1131.0,"safe_price":0.1729,"ft_order_side":"sell","order_filled_timestamp":1750986000000,"ft_is_entry":false,"ft_order_tag":"roi","cost":195.64767495}],"funding_fees":0.0283537198138194},{"pair":"1INCH/USDT:USDT","stake_amount":199.9816,"max_stake_amount":199.9816,"amount":1148.0,"open_date":"2025-06-27 01:21:00+00:00","close_date":"2025-06-27 05:21:00+00:00","open_rate":0.1742,"close_rate":0.1767,"fee_open":0.0005,"fee_close":0.0005,"trade_duration":240,"profit_ratio":0.01333747592334717,"profit_abs":2.6685834,"exit_reason":"roi","initial_stop_loss_abs":0.1655,"initial_stop_loss_ratio":-0.05,"stop_loss_abs":0.1655,"stop_loss_ratio":-0.05,"min_rate":0.1742,"max_rate":0.1779,"is_open":false,"enter_tag":"long","leverage":1.0,"is_short":false,"open_timestamp":1750987260000,"close_timestamp":1751001660000,"orders":[{"amount":1148.0,"safe_price":0.1742,"ft_order_side":"buy","order_filled_timestamp":1750987260000,"ft_is_entry":true,"ft_order_tag":"long","cost":200.0815908},{"amount":1148.0,"safe_price":0.1767,"ft_order_side":"sell","order_filled_timestamp":1751001660000,"ft_is_entry":false,"ft_order_tag":"roi","cost":202.95302579999998}],"funding_fees":0.0},{"pair":"1INCH/USDT:USDT","stake_amount":199.9608,"max_stake_amount":199.9608,"amount":1131.0,"open_date":"2025-06-27 05:24:00+00:00","close_date":"2025-06-27 09:24:00+00:00","open_rate":0.1768,"close_rate":0.1759,"fee_open":0.0005,"fee_close":0.0005,"trade_duration":240,"profit_ratio":-0.006081147926982695,"profit_abs":-1.2165992,"exit_reason":"roi","initial_stop_loss_abs":0.168,"initial_stop_loss_ratio":-0.05,"stop_loss_abs":0.168,"stop_loss_ratio":-0.05,"min_rate":0.1747,"max_rate":0.1771,"is_open":false,"enter_tag":"long","leverage":1.0,"is_short":false,"open_timestamp":1751001840000,"close_timestamp":1751016240000,"orders":[{"amount":1131.0,"safe_price":0.1768,"ft_order_side":"buy","order_filled_timestamp":1751001840000,"ft_is_entry":true,"ft_order_tag":"long","cost":200.0607804},{"amount":1131.0,"safe_price":0.1759,"ft_order_side":"sell","order_filled_timestamp":1751016240000,"ft_is_entry":false,"ft_order_tag":"roi","cost":199.04237145}],"funding_fees":0.000752651752242},{"pair":"1INCH/USDT:USDT","stake_amount":199.9983,"max_stake_amount":199.9983,"amount":1137.0,"open_date":"2025-06-27 09:27:00+00:00","close_date":"2025-06-27 13:27:00+00:00","open_rate":0.1759,"close_rate":0.1747,"fee_open":0.0005,"fee_close":0.0005,"trade_duration":240,"profit_ratio":-0.007814739588704794,"profit_abs":-1.5637161,"exit_reason":"roi","initial_stop_loss_abs":0.1672,"initial_stop_loss_ratio":-0.05,"stop_loss_abs":0.1672,"stop_loss_ratio":-0.05,"min_rate":0.1745,"max_rate":0.1766,"is_open":false,"enter_tag":"long","leverage":1.0,"is_short":false,"open_timestamp":1751016420000,"close_timestamp":1751030820000,"orders":[{"amount":1137.0,"safe_price":0.1759,"ft_order_side":"buy","order_filled_timestamp":1751016420000,"ft_is_entry":true,"ft_order_tag":"long","cost":200.09829915},{"amount":1137.0,"safe_price":0.1747,"ft_order_side":"sell","order_filled_timestamp":1751030820000,"ft_is_entry":false,"ft_order_tag":"roi","cost":198.73321694999998}],"funding_fees":0.0},{"pair":"1INCH/USDT:USDT","stake_amount":199.917,"max_stake_amount":199.917,"amount":1145.0,"open_date":"2025-06-27 13:33:00+00:00","close_date":"2025-06-27 17:33:00+00:00","open_rate":0.1746,"close_rate":0.1747,"fee_open":0.0005,"fee_close":0.0005,"trade_duration":240,"profit_ratio":-0.000527571265913435,"profit_abs":-0.1055232,"exit_reason":"roi","initial_stop_loss_abs":0.1659,"initial_stop_loss_ratio":-0.05,"stop_loss_abs":0.1659,"stop_loss_ratio":-0.05,"min_rate":0.1737,"max_rate":0.1776,"is_open":false,"enter_tag":"long","leverage":1.0,"is_short":false,"open_timestamp":1751031180000,"close_timestamp":1751045580000,"orders":[{"amount":1145.0,"safe_price":0.1746,"ft_order_side":"buy","order_filled_timestamp":1751031180000,"ft_is_entry":true,"ft_order_tag":"long","cost":200.0169585},{"amount":1145.0,"safe_price":0.1747,"ft_order_side":"sell","order_filled_timestamp":1751045580000,"ft_is_entry":false,"ft_order_tag":"roi","cost":200.13151574999998}],"funding_fees":-0.02004895},{"pair":"1INCH/USDT:USDT","stake_amount":199.9712,"max_stake_amount":199.9712,"amount":1144.0,"open_date":"2025-06-27 17:36:00+00:00","close_date":"2025-06-27 21:36:00+00:00","open_rate":0.1748,"close_rate":0.1767,"fee_open":0.0005,"fee_close":0.0005,"trade_duration":240,"profit_ratio":0.009859200834365426,"profit_abs":1.972542,"exit_reason":"roi","initial_stop_loss_abs":0.1661,"initial_stop_loss_ratio":-0.05,"stop_loss_abs":0.1661,"stop_loss_ratio":-0.05,"min_rate":0.1728,"max_rate":0.177,"is_open":false,"enter_tag":"long","leverage":1.0,"is_short":false,"open_timestamp":1751045760000,"close_timestamp":1751060160000,"orders":[{"amount":1144.0,"safe_price":0.1748,"ft_order_side":"buy","order_filled_timestamp":1751045760000,"ft_is_entry":true,"ft_order_tag":"long","cost":200.0711856},{"amount":1144.0,"safe_price":0.1767,"ft_order_side":"sell","order_filled_timestamp":1751060160000,"ft_is_entry":false,"ft_order_tag":"roi","cost":202.2458724}],"funding_fees":0.0},{"pair":"1INCH/USDT:USDT","stake_amount":199.936,"max_stake_amount":199.936,"amount":1136.0,"open_date":"2025-06-28 03:57:00+00:00","close_date":"2025-06-28 07:57:00+00:00","open_rate":0.176,"close_rate":0.1765,"fee_open":0.0005,"fee_close":0.0005,"trade_duration":240,"profit_ratio":0.0018385693516877926,"profit_abs":0.36778,"exit_reason":"roi","initial_stop_loss_abs":0.1672,"initial_stop_loss_ratio":-0.05,"stop_loss_abs":0.1672,"stop_loss_ratio":-0.05,"min_rate":0.1751,"max_rate":0.1765,"is_open":false,"enter_tag":"long","leverage":1.0,"is_short":false,"open_timestamp":1751083020000,"close_timestamp":1751097420000,"orders":[{"amount":1136.0,"safe_price":0.176,"ft_order_side":"buy","order_filled_timestamp":1751083020000,"ft_is_entry":true,"ft_order_tag":"long","cost":200.03596799999997},{"amount":1136.0,"safe_price":0.1765,"ft_order_side":"sell","order_filled_timestamp":1751097420000,"ft_is_entry":false,"ft_order_tag":"roi","cost":200.60425199999997}],"funding_fees":0.0},{"pair":"1INCH/USDT:USDT","stake_amount":199.8472,"max_stake_amount":199.8472,"amount":1124.0,"open_date":"2025-06-28 17:03:00+00:00","close_date":"2025-06-28 21:03:00+00:00","open_rate":0.1778,"close_rate":0.1781,"fee_open":0.0005,"fee_close":0.0005,"trade_duration":240,"profit_ratio":0.0006861023931228987,"profit_abs":0.1371842,"exit_reason":"roi","initial_stop_loss_abs":0.169,"initial_stop_loss_ratio":-0.05,"stop_loss_abs":0.169,"stop_loss_ratio":-0.05,"min_rate":0.1765,"max_rate":0.1794,"is_open":false,"enter_tag":"long","leverage":1.0,"is_short":false,"open_timestamp":1751130180000,"close_timestamp":1751144580000,"orders":[{"amount":1124.0,"safe_price":0.1778,"ft_order_side":"buy","order_filled_timestamp":1751130180000,"ft_is_entry":true,"ft_order_tag":"long","cost":199.9471236},{"amount":1124.0,"safe_price":0.1781,"ft_order_side":"sell","order_filled_timestamp":1751144580000,"ft_is_entry":false,"ft_order_tag":"roi","cost":200.2844922}],"funding_fees":0.0},{"pair":"1INCH/USDT:USDT","stake_amount":199.9653,"max_stake_amount":199.9653,"amount":1119.0,"open_date":"2025-06-28 21:39:00+00:00","close_date":"2025-06-29 00:03:00+00:00","open_rate":0.1787,"close_rate":0.1789,"fee_open":0.0005,"fee_close":0.0005,"trade_duration":144,"profit_ratio":1.8539148576260988e-05,"profit_abs":0.00370904,"exit_reason":"exit_signal","initial_stop_loss_abs":0.1698,"initial_stop_loss_ratio":-0.05,"stop_loss_abs":0.1698,"stop_loss_ratio":-0.05,"min_rate":0.1782,"max_rate":0.1802,"is_open":false,"enter_tag":"long","leverage":1.0,"is_short":false,"open_timestamp":1751146740000,"close_timestamp":1751155380000,"orders":[{"amount":1119.0,"safe_price":0.1787,"ft_order_side":"buy","order_filled_timestamp":1751146740000,"ft_is_entry":true,"ft_order_tag":"long","cost":200.06528264999997},{"amount":1119.0,"safe_price":0.1789,"ft_order_side":"sell","order_filled_timestamp":1751155380000,"ft_is_entry":false,"ft_order_tag":"exit_signal","cost":200.28919455}],"funding_fees":-0.020013757005000004}],"locks":[],"best_pair":{"key":"ALGO/USDT:USDT","trades":7,"profit_mean":-0.002965590527188652,"profit_mean_pct":-0.3,"profit_total_abs":-4.15440011,"profit_total":-0.00415440011,"profit_total_pct":-0.42,"duration_avg":"3:34:00","wins":4,"draws":0,"losses":3,"winrate":0.5714285714285714,"cagr":-0.04938913527136324,"expectancy":-0.5934857299999998,"expectancy_ratio":-0.23578064010777278,"sortino":-6.548757336761045,"sharpe":-1.4353683651560036,"calmar":-35.53430035213371,"sqn":-0.7887,"profit_factor":0.44984517308186367,"max_drawdown_account":0.007445360479999976,"max_drawdown_abs":7.44536048},"worst_pair":{"key":"1INCH/USDT:USDT","trades":23,"profit_mean":-0.002167545777253953,"profit_mean_pct":-0.22,"profit_total_abs":-9.972475529999997,"profit_total":-0.009972475529999997,"profit_total_pct":-1.0,"duration_avg":"3:56:00","wins":9,"draws":0,"losses":14,"winrate":0.391304347826087,"cagr":-0.11479925326798612,"expectancy":-0.4335858926086955,"expectancy_ratio":-0.2361523652567301,"sortino":-3.094978161961869,"sharpe":-2.458440241075623,"calmar":-48.462592490917174,"sqn":-0.7873,"profit_factor":0.6120353999353719,"max_drawdown_account":0.013104531948715033,"max_drawdown_abs":13.11317417},"results_per_pair":[{"key":"ALGO/USDT:USDT","trades":7,"profit_mean":-0.002965590527188652,"profit_mean_pct":-0.3,"profit_total_abs":-4.15440011,"profit_total":-0.00415440011,"profit_total_pct":-0.42,"duration_avg":"3:34:00","wins":4,"draws":0,"losses":3,"winrate":0.5714285714285714,"cagr":-0.04938913527136324,"expectancy":-0.5934857299999998,"expectancy_ratio":-0.23578064010777278,"sortino":-6.548757336761045,"sharpe":-1.4353683651560036,"calmar":-35.53430035213371,"sqn":-0.7887,"profit_factor":0.44984517308186367,"max_drawdown_account":0.007445360479999976,"max_drawdown_abs":7.44536048},{"key":"1INCH/USDT:USDT","trades":23,"profit_mean":-0.002167545777253953,"profit_mean_pct":-0.22,"profit_total_abs":-9.972475529999997,"profit_total":-0.009972475529999997,"profit_total_pct":-1.0,"duration_avg":"3:56:00","wins":9,"draws":0,"losses":14,"winrate":0.391304347826087,"cagr":-0.11479925326798612,"expectancy":-0.4335858926086955,"expectancy_ratio":-0.2361523652567301,"sortino":-3.094978161961869,"sharpe":-2.458440241075623,"calmar":-48.462592490917174,"sqn":-0.7873,"profit_factor":0.6120353999353719,"max_drawdown_account":0.013104531948715033,"max_drawdown_abs":13.11317417},{"key":"TOTAL","trades":30,"profit_mean":-0.0023537562189053832,"profit_mean_pct":-0.24,"profit_total_abs":-14.126875639999998,"profit_total":-0.014126875639999998,"profit_total_pct":-1.41,"duration_avg":"3:51:00","wins":13,"draws":0,"losses":17,"winrate":0.43333333333333335,"cagr":-0.15894866937170127,"expectancy":-0.4708958546666663,"expectancy_ratio":-0.24071584673158875,"sortino":-4.765605679564781,"sharpe":-3.6995688322613667,"calmar":-54.16909587268642,"sqn":-1.0428,"profit_factor":0.5752073292971962,"max_drawdown_account":0.016608090879999964,"max_drawdown_abs":16.608090880000002}],"results_per_enter_tag":[{"key":"short","trades":1,"profit_mean":0.0023774541939136046,"profit_mean_pct":0.24,"profit_total_abs":0.475228,"profit_total":0.00047522799999999996,"profit_total_pct":0.05,"duration_avg":"0:57:00","wins":1,"draws":0,"losses":0,"winrate":1.0,"cagr":0.005797306949968384,"expectancy":0.475228,"expectancy_ratio":100.0,"sortino":-100,"sharpe":-100,"calmar":-100,"sqn":-100.0,"profit_factor":0.0,"max_drawdown_account":0.0,"max_drawdown_abs":0.0},{"key":"long","trades":29,"profit_mean":-0.0025169014055543134,"profit_mean_pct":-0.25,"profit_total_abs":-14.60210364,"profit_total":-0.01460210364,"profit_total_pct":-1.46,"duration_avg":"3:57:00","wins":12,"draws":0,"losses":17,"winrate":0.41379310344827586,"cagr":-0.16386800656266376,"expectancy":-0.5035208151724135,"expectancy_ratio":-0.2573933029353278,"sortino":-4.925920622061734,"sharpe":-3.769599677944055,"calmar":-54.43376280173455,"sqn":-1.0801,"profit_factor":0.560917306757382,"max_drawdown_account":0.01708331887999998,"max_drawdown_abs":17.08331888},{"key":"TOTAL","trades":30,"profit_mean":-0.0023537562189053832,"profit_mean_pct":-0.24,"profit_total_abs":-14.126875639999998,"profit_total":-0.014126875639999998,"profit_total_pct":-1.41,"duration_avg":"3:51:00","wins":13,"draws":0,"losses":17,"winrate":0.43333333333333335,"cagr":-0.15894866937170127,"expectancy":-0.4708958546666663,"expectancy_ratio":-0.24071584673158875,"sortino":-4.765605679564781,"sharpe":-3.6995688322613667,"calmar":-54.16909587268642,"sqn":-1.0428,"profit_factor":0.5752073292971962,"max_drawdown_account":0.016608090879999964,"max_drawdown_abs":16.608090880000002}],"exit_reason_summary":[{"key":"exit_signal","trades":2,"profit_mean":0.0011979966712449327,"profit_mean_pct":0.12,"profit_total_abs":0.47893704,"profit_total":0.00047893704,"profit_total_pct":0.05,"duration_avg":"1:40:00","wins":2,"draws":0,"losses":0,"winrate":1.0,"cagr":0.0058426745958894966,"expectancy":0.23946852,"expectancy_ratio":100.0,"sortino":-100,"sharpe":1.293702562387584,"calmar":-100,"sqn":1.0157,"profit_factor":0.0,"max_drawdown_account":0.0,"max_drawdown_abs":0.0},{"key":"roi","trades":28,"profit_mean":-0.0026074528539161194,"profit_mean_pct":-0.26,"profit_total_abs":-14.60581268,"profit_total":-0.01460581268,"profit_total_pct":-1.46,"duration_avg":"4:00:00","wins":11,"draws":0,"losses":17,"winrate":0.39285714285714285,"cagr":-0.16390629672524393,"expectancy":-0.5216361671428568,"expectancy_ratio":-0.26665363565049427,"sortino":-4.92717184154863,"sharpe":-3.707777599081962,"calmar":-54.447589371423405,"sqn":-1.0805,"profit_factor":0.5608057765756564,"max_drawdown_account":0.01708331887999998,"max_drawdown_abs":17.08331888},{"key":"TOTAL","trades":30,"profit_mean":-0.0023537562189053832,"profit_mean_pct":-0.24,"profit_total_abs":-14.126875639999998,"profit_total":-0.014126875639999998,"profit_total_pct":-1.41,"duration_avg":"3:51:00","wins":13,"draws":0,"losses":17,"winrate":0.43333333333333335,"cagr":-0.15894866937170127,"expectancy":-0.4708958546666663,"expectancy_ratio":-0.24071584673158875,"sortino":-4.765605679564781,"sharpe":-3.6995688322613667,"calmar":-54.16909587268642,"sqn":-1.0428,"profit_factor":0.5752073292971962,"max_drawdown_account":0.016608090879999964,"max_drawdown_abs":16.608090880000002}],"mix_tag_stats":[{"key":["short","exit_signal"],"trades":1,"profit_mean":0.0023774541939136046,"profit_mean_pct":0.24,"profit_total_abs":0.475228,"profit_total":0.00047522799999999996,"profit_total_pct":0.05,"duration_avg":"0:57:00","wins":1,"draws":0,"losses":0,"winrate":1.0,"cagr":0.005797306949968384,"expectancy":0.475228,"expectancy_ratio":100.0,"sortino":-100,"sharpe":-100,"calmar":-100,"sqn":-100.0,"profit_factor":0.0,"max_drawdown_account":0.0,"max_drawdown_abs":0.0},{"key":["long","exit_signal"],"trades":1,"profit_mean":1.8539148576260988e-05,"profit_mean_pct":0.0,"profit_total_abs":0.00370904,"profit_total":3.70904e-06,"profit_total_pct":0.0,"duration_avg":"2:24:00","wins":1,"draws":0,"losses":0,"winrate":1.0,"cagr":4.51275878645685e-05,"expectancy":0.00370904,"expectancy_ratio":100.0,"sortino":-100,"sharpe":-100,"calmar":-100,"sqn":-100.0,"profit_factor":0.0,"max_drawdown_account":0.0,"max_drawdown_abs":0.0},{"key":["long","roi"],"trades":28,"profit_mean":-0.0026074528539161194,"profit_mean_pct":-0.26,"profit_total_abs":-14.60581268,"profit_total":-0.01460581268,"profit_total_pct":-1.46,"duration_avg":"4:00:00","wins":11,"draws":0,"losses":17,"winrate":0.39285714285714285,"cagr":-0.16390629672524393,"expectancy":-0.5216361671428568,"expectancy_ratio":-0.26665363565049427,"sortino":-4.92717184154863,"sharpe":-3.707777599081962,"calmar":-54.447589371423405,"sqn":-1.0805,"profit_factor":0.5608057765756564,"max_drawdown_account":0.01708331887999998,"max_drawdown_abs":17.08331888},{"key":"TOTAL","trades":30,"profit_mean":-0.0023537562189053832,"profit_mean_pct":-0.24,"profit_total_abs":-14.126875639999998,"profit_total":-0.014126875639999998,"profit_total_pct":-1.41,"duration_avg":"3:51:00","wins":13,"draws":0,"losses":17,"winrate":0.43333333333333335,"cagr":-0.15894866937170127,"expectancy":-0.4708958546666663,"expectancy_ratio":-0.24071584673158875,"sortino":-4.765605679564781,"sharpe":-3.6995688322613667,"calmar":-54.16909587268642,"sqn":-1.0428,"profit_factor":0.5752073292971962,"max_drawdown_account":0.016608090879999964,"max_drawdown_abs":16.608090880000002}],"left_open_trades":[{"key":"TOTAL","trades":0,"profit_mean":0.0,"profit_mean_pct":0.0,"profit_total_abs":0.0,"profit_total":0.0,"profit_total_pct":0.0,"duration_avg":"0:00","wins":0,"draws":0,"losses":0,"winrate":0.0,"cagr":0.0,"expectancy":0.0,"expectancy_ratio":100.0,"sortino":0,"sharpe":0,"calmar":0,"sqn":0.0,"profit_factor":0.0,"max_drawdown_account":0.0,"max_drawdown_abs":0.0}],"total_trades":30,"trade_count_long":29,"trade_count_short":1,"total_volume":11993.97761181,"avg_stake_amount":199.95559033333333,"profit_mean":-0.0023537562189053832,"profit_median":-0.0013238366227832238,"profit_total":-0.014126875639999998,"profit_total_long":-0.01460210364,"profit_total_short":0.00047522799999999996,"profit_total_abs":-14.126875639999998,"profit_total_long_abs":-14.60210364,"profit_total_short_abs":0.475228,"cagr":-0.15894866937170127,"expectancy":-0.4708958546666663,"expectancy_ratio":-0.24071584673158875,"sortino":-4.765605679564781,"sharpe":-3.6995688322613667,"calmar":-54.16909587268642,"sqn":-1.0428,"profit_factor":0.5752073292971962,"backtest_start":"2025-06-01 00:00:00","backtest_start_ts":1748736000000,"backtest_end":"2025-07-01 00:00:00","backtest_end_ts":1751328000000,"backtest_days":30,"backtest_run_start_ts":1754523327,"backtest_run_end_ts":1754523409,"trades_per_day":1.0,"market_change":-0.09294742023324679,"pairlist":["1INCH/USDT:USDT","ALGO/USDT:USDT"],"stake_amount":200,"stake_currency":"USDT","stake_currency_decimals":3,"starting_balance":1000,"dry_run_wallet":1000,"final_balance":985.87312436,"rejected_signals":0,"timedout_entry_orders":0,"timedout_exit_orders":0,"canceled_trade_entries":0,"canceled_entry_orders":0,"replaced_entry_orders":0,"max_open_trades":2,"max_open_trades_setting":5,"timeframe":"3m","timeframe_detail":"","timerange":"20250601-20250701","enable_protections":false,"strategy_name":"FreqaiExampleStrategy","stoploss":-0.05,"trailing_stop":false,"trailing_stop_positive":null,"trailing_stop_positive_offset":0.0,"trailing_only_offset_is_reached":false,"use_custom_stoploss":false,"minimal_roi":{"0":0.1,"240":-1},"use_exit_signal":true,"exit_profit_only":false,"exit_profit_offset":0.0,"ignore_roi_if_entry_signal":false,"trading_mode":"futures","margin_mode":"isolated","periodic_breakdown":{"day":[{"date":"01/06/2025","date_ts":1748736000000,"profit_abs":-2.25302981,"wins":1,"draws":0,"losses":1,"trades":2,"profit_factor":0.04492099},{"date":"02/06/2025","date_ts":1748822400000,"profit_abs":-3.07163035,"wins":0,"draws":0,"losses":1,"trades":1,"profit_factor":0.0},{"date":"03/06/2025","date_ts":1748908800000,"profit_abs":0.0,"wins":0,"draws":0,"losses":0,"trades":0,"profit_factor":0.0},{"date":"04/06/2025","date_ts":1748995200000,"profit_abs":0.41602012,"wins":1,"draws":0,"losses":1,"trades":2,"profit_factor":1.1961711},{"date":"05/06/2025","date_ts":1749081600000,"profit_abs":0.0,"wins":0,"draws":0,"losses":0,"trades":0,"profit_factor":0.0},{"date":"06/06/2025","date_ts":1749168000000,"profit_abs":-7.81395231,"wins":0,"draws":0,"losses":1,"trades":1,"profit_factor":0.0},{"date":"07/06/2025","date_ts":1749254400000,"profit_abs":0.0,"wins":0,"draws":0,"losses":0,"trades":0,"profit_factor":0.0},{"date":"08/06/2025","date_ts":1749340800000,"profit_abs":0.0,"wins":0,"draws":0,"losses":0,"trades":0,"profit_factor":0.0},{"date":"09/06/2025","date_ts":1749427200000,"profit_abs":5.68359675,"wins":1,"draws":0,"losses":0,"trades":1,"profit_factor":0.0},{"date":"10/06/2025","date_ts":1749513600000,"profit_abs":0.0,"wins":0,"draws":0,"losses":0,"trades":0,"profit_factor":0.0},{"date":"11/06/2025","date_ts":1749600000000,"profit_abs":0.0,"wins":0,"draws":0,"losses":0,"trades":0,"profit_factor":0.0},{"date":"12/06/2025","date_ts":1749686400000,"profit_abs":0.0,"wins":0,"draws":0,"losses":0,"trades":0,"profit_factor":0.0},{"date":"13/06/2025","date_ts":1749772800000,"profit_abs":0.0,"wins":0,"draws":0,"losses":0,"trades":0,"profit_factor":0.0},{"date":"14/06/2025","date_ts":1749859200000,"profit_abs":0.0,"wins":0,"draws":0,"losses":0,"trades":0,"profit_factor":0.0},{"date":"15/06/2025","date_ts":1749945600000,"profit_abs":0.0,"wins":0,"draws":0,"losses":0,"trades":0,"profit_factor":0.0},{"date":"16/06/2025","date_ts":1750032000000,"profit_abs":0.0,"wins":0,"draws":0,"losses":0,"trades":0,"profit_factor":0.0},{"date":"17/06/2025","date_ts":1750118400000,"profit_abs":0.0,"wins":0,"draws":0,"losses":0,"trades":0,"profit_factor":0.0},{"date":"18/06/2025","date_ts":1750204800000,"profit_abs":0.0,"wins":0,"draws":0,"losses":0,"trades":0,"profit_factor":0.0},{"date":"19/06/2025","date_ts":1750291200000,"profit_abs":0.0,"wins":0,"draws":0,"losses":0,"trades":0,"profit_factor":0.0},{"date":"20/06/2025","date_ts":1750377600000,"profit_abs":0.0,"wins":0,"draws":0,"losses":0,"trades":0,"profit_factor":0.0},{"date":"21/06/2025","date_ts":1750464000000,"profit_abs":0.0,"wins":0,"draws":0,"losses":0,"trades":0,"profit_factor":0.0},{"date":"22/06/2025","date_ts":1750550400000,"profit_abs":0.0,"wins":0,"draws":0,"losses":0,"trades":0,"profit_factor":0.0},{"date":"23/06/2025","date_ts":1750636800000,"profit_abs":0.0,"wins":0,"draws":0,"losses":0,"trades":0,"profit_factor":0.0},{"date":"24/06/2025","date_ts":1750723200000,"profit_abs":0.79508964,"wins":1,"draws":0,"losses":1,"trades":2,"profit_factor":2.24209195},{"date":"25/06/2025","date_ts":1750809600000,"profit_abs":-0.67529346,"wins":2,"draws":0,"losses":4,"trades":6,"profit_factor":0.78529878},{"date":"26/06/2025","date_ts":1750896000000,"profit_abs":-5.00449128,"wins":2,"draws":0,"losses":4,"trades":6,"profit_factor":0.25884353},{"date":"27/06/2025","date_ts":1750982400000,"profit_abs":-2.71185818,"wins":2,"draws":0,"losses":4,"trades":6,"profit_factor":0.63118941},{"date":"28/06/2025","date_ts":1751068800000,"profit_abs":0.5049642,"wins":2,"draws":0,"losses":0,"trades":2,"profit_factor":0.0},{"date":"29/06/2025","date_ts":1751155200000,"profit_abs":0.00370904,"wins":1,"draws":0,"losses":0,"trades":1,"profit_factor":0.0}],"week":[{"date":"02/06/2025","date_ts":1748822400000,"profit_abs":-5.32466016,"wins":1,"draws":0,"losses":2,"trades":3,"profit_factor":0.01951313},{"date":"09/06/2025","date_ts":1749427200000,"profit_abs":-1.71433544,"wins":2,"draws":0,"losses":2,"trades":4,"profit_factor":0.82743881},{"date":"16/06/2025","date_ts":1750032000000,"profit_abs":0.0,"wins":0,"draws":0,"losses":0,"trades":0,"profit_factor":0.0},{"date":"23/06/2025","date_ts":1750636800000,"profit_abs":0.0,"wins":0,"draws":0,"losses":0,"trades":0,"profit_factor":0.0},{"date":"30/06/2025","date_ts":1751241600000,"profit_abs":-7.08788004,"wins":10,"draws":0,"losses":13,"trades":23,"profit_factor":0.60382209}],"month":[{"date":"30/06/2025","date_ts":1751241600000,"profit_abs":-14.12687564,"wins":13,"draws":0,"losses":17,"trades":30,"profit_factor":0.57520733}],"year":[{"date":"31/12/2025","date_ts":1767139200000,"profit_abs":-14.12687564,"wins":13,"draws":0,"losses":17,"trades":30,"profit_factor":0.57520733}]},"backtest_best_day":0.02840381026288073,"backtest_worst_day":-0.03905339975716444,"backtest_best_day_abs":5.68359675,"backtest_worst_day_abs":-7.81395231,"winning_days":5,"draw_days":18,"losing_days":6,"daily_profit":[["2025-06-01",-2.25302981],["2025-06-02",-3.07163035],["2025-06-03",0.0],["2025-06-04",0.41602012],["2025-06-05",0.0],["2025-06-06",-7.81395231],["2025-06-07",0.0],["2025-06-08",0.0],["2025-06-09",5.68359675],["2025-06-10",0.0],["2025-06-11",0.0],["2025-06-12",0.0],["2025-06-13",0.0],["2025-06-14",0.0],["2025-06-15",0.0],["2025-06-16",0.0],["2025-06-17",0.0],["2025-06-18",0.0],["2025-06-19",0.0],["2025-06-20",0.0],["2025-06-21",0.0],["2025-06-22",0.0],["2025-06-23",0.0],["2025-06-24",0.79508964],["2025-06-25",-0.67529346],["2025-06-26",-5.00449128],["2025-06-27",-2.71185818],["2025-06-28",0.5049642],["2025-06-29",0.00370904]],"wins":13,"losses":17,"draws":0,"winrate":0.43333333333333335,"holding_avg":"3:51:00","holding_avg_s":13860.0,"winner_holding_min":"0d 00:57","winner_holding_min_s":3420.0,"winner_holding_max":"0d 04:00","winner_holding_max_s":14400.0,"winner_holding_avg":"0d 03:39","winner_holding_avg_s":13140.0,"loser_holding_min":"0d 04:00","loser_holding_min_s":14400.0,"loser_holding_max":"0d 04:00","loser_holding_max_s":14400.0,"loser_holding_avg":"0d 04:00","loser_holding_avg_s":14400.0,"max_consecutive_wins":4,"max_consecutive_losses":4,"max_drawdown_account":0.016608090879999964,"max_relative_drawdown":0.016608090879999964,"max_drawdown_abs":16.608090880000002,"drawdown_start":"2025-06-01 11:33:00","drawdown_start_ts":1748777580000.0,"drawdown_end":"2025-06-27 17:33:00","drawdown_end_ts":1751045580000.0,"max_drawdown_low":-16.608090880000002,"max_drawdown_high":-2.35899835,"csum_min":983.39190912,"csum_max":997.74697019}},"strategy_comparison":[{"key":"FreqaiExampleStrategy","trades":30,"profit_mean":-0.0023537562189053832,"profit_mean_pct":-0.24,"profit_total_abs":-14.126875639999998,"profit_total":-0.014126875639999998,"profit_total_pct":-1.41,"duration_avg":"3:51:00","wins":13,"draws":0,"losses":17,"winrate":0.43333333333333335,"cagr":-0.15894866937170127,"expectancy":-0.4708958546666663,"expectancy_ratio":-0.24071584673158875,"sortino":-4.765605679564781,"sharpe":-3.6995688322613667,"calmar":-54.16909587268642,"sqn":-1.0428,"profit_factor":0.5752073292971962,"max_drawdown_account":0.016608090879999964,"max_drawdown_abs":"16.608"}]}