{"strategy":{"FreqaiExampleStrategy":{"trades":[{"pair":"ALGO/USDT:USDT","stake_amount":199.99748,"max_stake_amount":199.99748,"amount":1079.9,"open_date":"2024-06-04 17:06:00+00:00","close_date":"2024-06-04 17:48:00+00:00","open_rate":0.1852,"close_rate":0.1858,"fee_open":0.0005,"fee_close":0.0005,"trade_duration":42,"profit_ratio":0.0022370024490994244,"profit_abs":0.44761855,"exit_reason":"exit_signal","initial_stop_loss_abs":0.176,"initial_stop_loss_ratio":-0.05,"stop_loss_abs":0.176,"stop_loss_ratio":-0.05,"min_rate":0.1847,"max_rate":0.186,"is_open":false,"enter_tag":"long","leverage":1.0,"is_short":false,"open_timestamp":1717520760000,"close_timestamp":1717523280000,"orders":[{"amount":1079.9,"safe_price":0.1852,"ft_order_side":"buy","order_filled_timestamp":1717520760000,"ft_is_entry":true,"ft_order_tag":"long","cost":200.09747874},{"amount":1079.9,"safe_price":0.1858,"ft_order_side":"sell","order_filled_timestamp":1717523280000,"ft_is_entry":false,"ft_order_tag":"exit_signal","cost":200.74574271}],"funding_fees":0.0},{"pair":"1INCH/USDT:USDT","stake_amount":199.7352,"max_stake_amount":199.7352,"amount":504.0,"open_date":"2024-06-22 00:21:00+00:00","close_date":"2024-06-22 04:21:00+00:00","open_rate":0.3963,"close_rate":0.4009,"fee_open":0.0005,"fee_close":0.0005,"trade_duration":240,"profit_ratio":0.010596266338190984,"profit_abs":2.1175056,"exit_reason":"roi","initial_stop_loss_abs":0.3765,"initial_stop_loss_ratio":-0.05,"stop_loss_abs":0.3765,"stop_loss_ratio":-0.05,"min_rate":0.3954,"max_rate":0.4034,"is_open":false,"enter_tag":"long","leverage":1.0,"is_short":false,"open_timestamp":1719015660000,"close_timestamp":1719030060000,"orders":[{"amount":504.0,"safe_price":0.3963,"ft_order_side":"buy","order_filled_timestamp":1719015660000,"ft_is_entry":true,"ft_order_tag":"long","cost":199.83506759999997},{"amount":504.0,"safe_price":0.4009,"ft_order_side":"sell","order_filled_timestamp":1719030060000,"ft_is_entry":false,"ft_order_tag":"roi","cost":202.1546268}],"funding_fees":0.0},{"pair":"1INCH/USDT:USDT","stake_amount":199.7856,"max_stake_amount":199.7856,"amount":504.0,"open_date":"2024-06-23 15:45:00+00:00","close_date":"2024-06-23 19:45:00+00:00","open_rate":0.3964,"close_rate":0.3939,"fee_open":0.0005,"fee_close":0.0005,"trade_duration":240,"profit_ratio":-0.007399630154650222,"profit_abs":-1.47907872,"exit_reason":"roi","initial_stop_loss_abs":0.3766,"initial_stop_loss_ratio":-0.05,"stop_loss_abs":0.3766,"stop_loss_ratio":-0.05,"min_rate":0.3912,"max_rate":0.397,"is_open":false,"enter_tag":"long","leverage":1.0,"is_short":false,"open_timestamp":1719157500000,"close_timestamp":1719171900000,"orders":[{"amount":504.0,"safe_price":0.3964,"ft_order_side":"buy","order_filled_timestamp":1719157500000,"ft_is_entry":true,"ft_order_tag":"long","cost":199.88549279999998},{"amount":504.0,"safe_price":0.3939,"ft_order_side":"sell","order_filled_timestamp":1719171900000,"ft_is_entry":false,"ft_order_tag":"roi","cost":198.6248628}],"funding_fees":-0.019923120000000002},{"pair":"1INCH/USDT:USDT","stake_amount":199.8984,"max_stake_amount":199.8984,"amount":516.0,"open_date":"2024-06-23 23:39:00+00:00","close_date":"2024-06-24 00:03:00+00:00","open_rate":0.3874,"close_rate":0.3889,"fee_open":0.0005,"fee_close":0.0005,"trade_duration":24,"profit_ratio":0.002811087952719962,"profit_abs":0.56221295,"exit_reason":"exit_signal","initial_stop_loss_abs":0.3681,"initial_stop_loss_ratio":-0.05,"stop_loss_abs":0.3681,"stop_loss_ratio":-0.05,"min_rate":0.3868,"max_rate":0.3896,"is_open":false,"enter_tag":"long","leverage":1.0,"is_short":false,"open_timestamp":1719185940000,"close_timestamp":1719187380000,"orders":[{"amount":516.0,"safe_price":0.3874,"ft_order_side":"buy","order_filled_timestamp":1719185940000,"ft_is_entry":true,"ft_order_tag":"long","cost":199.9983492},{"amount":516.0,"safe_price":0.3889,"ft_order_side":"sell","order_filled_timestamp":1719187380000,"ft_is_entry":false,"ft_order_tag":"exit_signal","cost":200.7727362}],"funding_fees":-0.011501649895435201},{"pair":"1INCH/USDT:USDT","stake_amount":199.689,"max_stake_amount":199.689,"amount":518.0,"open_date":"2024-06-24 02:57:00+00:00","close_date":"2024-06-24 06:57:00+00:00","open_rate":0.3855,"close_rate":0.383,"fee_open":0.0005,"fee_close":0.0005,"trade_duration":240,"profit_ratio":-0.007478102712586638,"profit_abs":-1.4940415,"exit_reason":"roi","initial_stop_loss_abs":0.3663,"initial_stop_loss_ratio":-0.05,"stop_loss_abs":0.3663,"stop_loss_ratio":-0.05,"min_rate":0.375,"max_rate":0.3898,"is_open":false,"enter_tag":"long","leverage":1.0,"is_short":false,"open_timestamp":1719197820000,"close_timestamp":1719212220000,"orders":[{"amount":518.0,"safe_price":0.3855,"ft_order_side":"buy","order_filled_timestamp":1719197820000,"ft_is_entry":true,"ft_order_tag":"long","cost":199.78884449999998},{"amount":518.0,"safe_price":0.383,"ft_order_side":"sell","order_filled_timestamp":1719212220000,"ft_is_entry":false,"ft_order_tag":"roi","cost":198.49319699999998}],"funding_fees":0.0}],"locks":[],"best_pair":{"key":"ALGO/USDT:USDT","trades":1,"profit_mean":0.0022370024490994244,"profit_mean_pct":0.22,"profit_sum":0.0022370024490994244,"profit_sum_pct":0.22,"profit_total_abs":0.44761855,"profit_total":0.00044761855,"profit_total_pct":0.04,"duration_avg":"0:42:00","wins":1,"draws":0,"losses":0,"winrate":1.0,"cagr":0.005648451842221958,"expectancy":0.44761855,"expectancy_ratio":100.0,"sortino":-100,"sharpe":-100,"calmar":-100,"sqn":-100.0,"profit_factor":0.0,"max_drawdown_account":0.0,"max_drawdown_abs":0.0},"worst_pair":{"key":"1INCH/USDT:USDT","trades":4,"profit_mean":-0.0003675946440814784,"profit_mean_pct":-0.04,"profit_sum":-0.0014703785763259137,"profit_sum_pct":-0.15,"profit_total_abs":-0.29340166999999995,"profit_total":-0.00029340166999999997,"profit_total_pct":-0.03,"duration_avg":"3:06:00","wins":2,"draws":0,"losses":2,"winrate":0.5,"cagr":-0.0036865439171893666,"expectancy":-0.07335041750000004,"expectancy_ratio":-0.04934238246174927,"sortino":-25.836204947882187,"sharpe":-0.12746441913530918,"calmar":-8.03432060364422,"sqn":-0.0838,"profit_factor":0.9013152350765015,"max_drawdown_account":0.0024058129476108203,"max_drawdown_abs":2.41090727},"results_per_pair":[{"key":"ALGO/USDT:USDT","trades":1,"profit_mean":0.0022370024490994244,"profit_mean_pct":0.22,"profit_sum":0.0022370024490994244,"profit_sum_pct":0.22,"profit_total_abs":0.44761855,"profit_total":0.00044761855,"profit_total_pct":0.04,"duration_avg":"0:42:00","wins":1,"draws":0,"losses":0,"winrate":1.0,"cagr":0.005648451842221958,"expectancy":0.44761855,"expectancy_ratio":100.0,"sortino":-100,"sharpe":-100,"calmar":-100,"sqn":-100.0,"profit_factor":0.0,"max_drawdown_account":0.0,"max_drawdown_abs":0.0},{"key":"1INCH/USDT:USDT","trades":4,"profit_mean":-0.0003675946440814784,"profit_mean_pct":-0.04,"profit_sum":-0.0014703785763259137,"profit_sum_pct":-0.15,"profit_total_abs":-0.29340166999999995,"profit_total":-0.00029340166999999997,"profit_total_pct":-0.03,"duration_avg":"3:06:00","wins":2,"draws":0,"losses":2,"winrate":0.5,"cagr":-0.0036865439171893666,"expectancy":-0.07335041750000004,"expectancy_ratio":-0.04934238246174927,"sortino":-25.836204947882187,"sharpe":-0.12746441913530918,"calmar":-8.03432060364422,"sqn":-0.0838,"profit_factor":0.9013152350765015,"max_drawdown_account":0.0024058129476108203,"max_drawdown_abs":2.41090727},{"key":"TOTAL","trades":5,"profit_mean":0.00015332477455470215,"profit_mean_pct":0.02,"profit_sum":0.0007666238727735107,"profit_sum_pct":0.08,"profit_total_abs":0.1542168800000001,"profit_total":0.0001542168800000001,"profit_total_pct":0.02,"duration_avg":"2:37:00","wins":3,"draws":0,"losses":2,"winrate":0.6,"cagr":0.001942740586019287,"expectancy":0.030843375999999978,"expectancy_ratio":0.020748152592362956,"sortino":13.579946283546896,"sharpe":0.07403669861590531,"calmar":4.224861079877472,"sqn":0.045,"profit_factor":1.0518703814809076,"max_drawdown_account":0.002404738816387581,"max_drawdown_abs":2.41090727}],"results_per_enter_tag":[{"key":"long","trades":5,"profit_mean":0.00015332477455470215,"profit_mean_pct":0.02,"profit_sum":0.0007666238727735107,"profit_sum_pct":0.08,"profit_total_abs":0.1542168800000001,"profit_total":0.0001542168800000001,"profit_total_pct":0.02,"duration_avg":"2:37:00","wins":3,"draws":0,"losses":2,"winrate":0.6,"cagr":0.001942740586019287,"expectancy":0.030843375999999978,"expectancy_ratio":0.020748152592362956,"sortino":13.579946283546896,"sharpe":0.07403669861590531,"calmar":4.224861079877472,"sqn":0.045,"profit_factor":1.0518703814809076,"max_drawdown_account":0.002404738816387581,"max_drawdown_abs":2.41090727},{"key":"TOTAL","trades":5,"profit_mean":0.00015332477455470215,"profit_mean_pct":0.02,"profit_sum":0.0007666238727735107,"profit_sum_pct":0.08,"profit_total_abs":0.1542168800000001,"profit_total":0.0001542168800000001,"profit_total_pct":0.02,"duration_avg":"2:37:00","wins":3,"draws":0,"losses":2,"winrate":0.6,"cagr":0.001942740586019287,"expectancy":0.030843375999999978,"expectancy_ratio":0.020748152592362956,"sortino":13.579946283546896,"sharpe":0.07403669861590531,"calmar":4.224861079877472,"sqn":0.045,"profit_factor":1.0518703814809076,"max_drawdown_account":0.002404738816387581,"max_drawdown_abs":2.41090727}],"exit_reason_summary":[{"key":"exit_signal","trades":2,"profit_mean":0.0025240452009096933,"profit_mean_pct":0.25,"profit_sum":0.005048090401819387,"profit_sum_pct":0.5,"profit_total_abs":1.0098315,"profit_total":0.0010098315,"profit_total_pct":0.1,"duration_avg":"0:33:00","wins":2,"draws":0,"losses":0,"winrate":1.0,"cagr":0.012784567725394602,"expectancy":0.50491575,"expectancy_ratio":100.0,"sortino":-100,"sharpe":11.61084823926421,"calmar":-100,"sqn":8.8122,"profit_factor":0.0,"max_drawdown_account":0.0,"max_drawdown_abs":0.0},{"key":"roi","trades":3,"profit_mean":-0.0014271555096819586,"profit_mean_pct":-0.14,"profit_sum":-0.004281466529045876,"profit_sum_pct":-0.43,"profit_total_abs":-0.8556146200000001,"profit_total":-0.0008556146200000001,"profit_total_pct":-0.09,"duration_avg":"4:00:00","wins":1,"draws":0,"losses":2,"winrate":0.3333333333333333,"cagr":-0.010715725431704182,"expectancy":-0.28520487333333344,"expectancy_ratio":-0.19185559427753884,"sortino":-75.34324763292706,"sharpe":-0.3317702044786043,"calmar":-18.999090406430913,"sqn":-0.2374,"profit_factor":0.7122166085836918,"max_drawdown_account":0.002966837924081407,"max_drawdown_abs":2.97312022},{"key":"TOTAL","trades":5,"profit_mean":0.00015332477455470215,"profit_mean_pct":0.02,"profit_sum":0.0007666238727735107,"profit_sum_pct":0.08,"profit_total_abs":0.1542168800000001,"profit_total":0.0001542168800000001,"profit_total_pct":0.02,"duration_avg":"2:37:00","wins":3,"draws":0,"losses":2,"winrate":0.6,"cagr":0.001942740586019287,"expectancy":0.030843375999999978,"expectancy_ratio":0.020748152592362956,"sortino":13.579946283546896,"sharpe":0.07403669861590531,"calmar":4.224861079877472,"sqn":0.045,"profit_factor":1.0518703814809076,"max_drawdown_account":0.002404738816387581,"max_drawdown_abs":2.41090727}],"mix_tag_stats":[{"key":["long","exit_signal"],"trades":2,"profit_mean":0.0025240452009096933,"profit_mean_pct":0.25,"profit_sum":0.005048090401819387,"profit_sum_pct":0.5,"profit_total_abs":1.0098315,"profit_total":0.0010098315,"profit_total_pct":0.1,"duration_avg":"0:33:00","wins":2,"draws":0,"losses":0,"winrate":1.0,"cagr":0.012784567725394602,"expectancy":0.50491575,"expectancy_ratio":100.0,"sortino":-100,"sharpe":11.61084823926421,"calmar":-100,"sqn":8.8122,"profit_factor":0.0,"max_drawdown_account":0.0,"max_drawdown_abs":0.0},{"key":["long","roi"],"trades":3,"profit_mean":-0.0014271555096819586,"profit_mean_pct":-0.14,"profit_sum":-0.004281466529045876,"profit_sum_pct":-0.43,"profit_total_abs":-0.8556146200000001,"profit_total":-0.0008556146200000001,"profit_total_pct":-0.09,"duration_avg":"4:00:00","wins":1,"draws":0,"losses":2,"winrate":0.3333333333333333,"cagr":-0.010715725431704182,"expectancy":-0.28520487333333344,"expectancy_ratio":-0.19185559427753884,"sortino":-75.34324763292706,"sharpe":-0.3317702044786043,"calmar":-18.999090406430913,"sqn":-0.2374,"profit_factor":0.7122166085836918,"max_drawdown_account":0.002966837924081407,"max_drawdown_abs":2.97312022},{"key":"TOTAL","trades":5,"profit_mean":0.00015332477455470215,"profit_mean_pct":0.02,"profit_sum":0.0007666238727735107,"profit_sum_pct":0.08,"profit_total_abs":0.1542168800000001,"profit_total":0.0001542168800000001,"profit_total_pct":0.02,"duration_avg":"2:37:00","wins":3,"draws":0,"losses":2,"winrate":0.6,"cagr":0.001942740586019287,"expectancy":0.030843375999999978,"expectancy_ratio":0.020748152592362956,"sortino":13.579946283546896,"sharpe":0.07403669861590531,"calmar":4.224861079877472,"sqn":0.045,"profit_factor":1.0518703814809076,"max_drawdown_account":0.002404738816387581,"max_drawdown_abs":2.41090727}],"left_open_trades":[{"key":"TOTAL","trades":0,"profit_mean":0.0,"profit_mean_pct":0.0,"profit_sum":0.0,"profit_sum_pct":0.0,"profit_total_abs":0.0,"profit_total":0.0,"profit_total_pct":0.0,"duration_avg":"0:00","wins":0,"draws":0,"losses":0,"winrate":0.0,"cagr":0.0,"expectancy":0.0,"expectancy_ratio":100.0,"sortino":0,"sharpe":0,"calmar":0,"sqn":0.0,"profit_factor":0.0,"max_drawdown_account":0.0,"max_drawdown_abs":0.0}],"total_trades":5,"trade_count_long":5,"trade_count_short":0,"total_volume":2000.3963983499998,"avg_stake_amount":199.821136,"profit_mean":0.00015332477455470215,"profit_median":0.0022370024490994244,"profit_total":0.0001542168800000001,"profit_total_long":0.0001542168800000001,"profit_total_short":0.0,"profit_total_abs":0.1542168800000001,"profit_total_long_abs":0.1542168800000001,"profit_total_short_abs":0.0,"cagr":0.001942740586019287,"expectancy":0.030843375999999978,"expectancy_ratio":0.020748152592362956,"sortino":13.579946283546896,"sharpe":0.07403669861590531,"calmar":4.224861079877472,"sqn":0.045,"profit_factor":1.0518703814809076,"backtest_start":"2024-06-01 00:00:00","backtest_start_ts":1717200000000,"backtest_end":"2024-06-30 23:57:00","backtest_end_ts":1719791820000,"backtest_days":29,"backtest_run_start_ts":1754325556,"backtest_run_end_ts":1754325620,"trades_per_day":0.17,"market_change":-0.2036201097539388,"pairlist":["1INCH/USDT:USDT","ALGO/USDT:USDT"],"stake_amount":200,"stake_currency":"USDT","stake_currency_decimals":3,"starting_balance":1000,"dry_run_wallet":1000,"final_balance":1000.15421688,"rejected_signals":0,"timedout_entry_orders":0,"timedout_exit_orders":0,"canceled_trade_entries":0,"canceled_entry_orders":0,"replaced_entry_orders":0,"max_open_trades":2,"max_open_trades_setting":5,"timeframe":"3m","timeframe_detail":"","timerange":"20240601-20240701","enable_protections":false,"strategy_name":"FreqaiExampleStrategy","stoploss":-0.05,"trailing_stop":false,"trailing_stop_positive":null,"trailing_stop_positive_offset":0.0,"trailing_only_offset_is_reached":false,"use_custom_stoploss":false,"minimal_roi":{"0":0.1,"240":-1},"use_exit_signal":true,"exit_profit_only":false,"exit_profit_offset":0.0,"ignore_roi_if_entry_signal":false,"trading_mode":"futures","margin_mode":"isolated","periodic_breakdown":{"day":[{"date":"04/06/2024","date_ts":1717459200000,"profit_abs":0.44761855,"wins":1,"draws":0,"losses":0,"trades":1,"profit_factor":0.0},{"date":"05/06/2024","date_ts":1717545600000,"profit_abs":0.0,"wins":0,"draws":0,"losses":0,"trades":0,"profit_factor":0.0},{"date":"06/06/2024","date_ts":1717632000000,"profit_abs":0.0,"wins":0,"draws":0,"losses":0,"trades":0,"profit_factor":0.0},{"date":"07/06/2024","date_ts":1717718400000,"profit_abs":0.0,"wins":0,"draws":0,"losses":0,"trades":0,"profit_factor":0.0},{"date":"08/06/2024","date_ts":1717804800000,"profit_abs":0.0,"wins":0,"draws":0,"losses":0,"trades":0,"profit_factor":0.0},{"date":"09/06/2024","date_ts":1717891200000,"profit_abs":0.0,"wins":0,"draws":0,"losses":0,"trades":0,"profit_factor":0.0},{"date":"10/06/2024","date_ts":1717977600000,"profit_abs":0.0,"wins":0,"draws":0,"losses":0,"trades":0,"profit_factor":0.0},{"date":"11/06/2024","date_ts":1718064000000,"profit_abs":0.0,"wins":0,"draws":0,"losses":0,"trades":0,"profit_factor":0.0},{"date":"12/06/2024","date_ts":1718150400000,"profit_abs":0.0,"wins":0,"draws":0,"losses":0,"trades":0,"profit_factor":0.0},{"date":"13/06/2024","date_ts":1718236800000,"profit_abs":0.0,"wins":0,"draws":0,"losses":0,"trades":0,"profit_factor":0.0},{"date":"14/06/2024","date_ts":1718323200000,"profit_abs":0.0,"wins":0,"draws":0,"losses":0,"trades":0,"profit_factor":0.0},{"date":"15/06/2024","date_ts":1718409600000,"profit_abs":0.0,"wins":0,"draws":0,"losses":0,"trades":0,"profit_factor":0.0},{"date":"16/06/2024","date_ts":1718496000000,"profit_abs":0.0,"wins":0,"draws":0,"losses":0,"trades":0,"profit_factor":0.0},{"date":"17/06/2024","date_ts":1718582400000,"profit_abs":0.0,"wins":0,"draws":0,"losses":0,"trades":0,"profit_factor":0.0},{"date":"18/06/2024","date_ts":1718668800000,"profit_abs":0.0,"wins":0,"draws":0,"losses":0,"trades":0,"profit_factor":0.0},{"date":"19/06/2024","date_ts":1718755200000,"profit_abs":0.0,"wins":0,"draws":0,"losses":0,"trades":0,"profit_factor":0.0},{"date":"20/06/2024","date_ts":1718841600000,"profit_abs":0.0,"wins":0,"draws":0,"losses":0,"trades":0,"profit_factor":0.0},{"date":"21/06/2024","date_ts":1718928000000,"profit_abs":0.0,"wins":0,"draws":0,"losses":0,"trades":0,"profit_factor":0.0},{"date":"22/06/2024","date_ts":1719014400000,"profit_abs":2.1175056,"wins":1,"draws":0,"losses":0,"trades":1,"profit_factor":0.0},{"date":"23/06/2024","date_ts":1719100800000,"profit_abs":-1.47907872,"wins":0,"draws":0,"losses":1,"trades":1,"profit_factor":0.0},{"date":"24/06/2024","date_ts":1719187200000,"profit_abs":-0.93182855,"wins":1,"draws":0,"losses":1,"trades":2,"profit_factor":0.37630344}],"week":[{"date":"10/06/2024","date_ts":1717977600000,"profit_abs":0.44761855,"wins":1,"draws":0,"losses":0,"trades":1,"profit_factor":0.0},{"date":"17/06/2024","date_ts":1718582400000,"profit_abs":0.0,"wins":0,"draws":0,"losses":0,"trades":0,"profit_factor":0.0},{"date":"24/06/2024","date_ts":1719187200000,"profit_abs":-0.29340167,"wins":2,"draws":0,"losses":2,"trades":4,"profit_factor":0.90131524}],"month":[{"date":"30/06/2024","date_ts":1719705600000,"profit_abs":0.15421688,"wins":3,"draws":0,"losses":2,"trades":5,"profit_factor":1.05187038}],"year":[{"date":"31/12/2024","date_ts":1735603200000,"profit_abs":0.15421688,"wins":3,"draws":0,"losses":2,"trades":5,"profit_factor":1.05187038}]},"backtest_best_day":0.010596266338190984,"backtest_worst_day":-0.007399630154650222,"backtest_best_day_abs":2.1175056,"backtest_worst_day_abs":-1.47907872,"winning_days":2,"draw_days":17,"losing_days":2,"daily_profit":[["2024-06-04",0.44761855],["2024-06-05",0.0],["2024-06-06",0.0],["2024-06-07",0.0],["2024-06-08",0.0],["2024-06-09",0.0],["2024-06-10",0.0],["2024-06-11",0.0],["2024-06-12",0.0],["2024-06-13",0.0],["2024-06-14",0.0],["2024-06-15",0.0],["2024-06-16",0.0],["2024-06-17",0.0],["2024-06-18",0.0],["2024-06-19",0.0],["2024-06-20",0.0],["2024-06-21",0.0],["2024-06-22",2.1175056],["2024-06-23",-1.47907872],["2024-06-24",-0.93182855]],"wins":3,"losses":2,"draws":0,"winrate":0.6,"holding_avg":"2:37:00","holding_avg_s":9420.0,"winner_holding_min":"0d 00:24","winner_holding_min_s":1440.0,"winner_holding_max":"0d 04:00","winner_holding_max_s":14400.0,"winner_holding_avg":"0d 01:42","winner_holding_avg_s":6120.0,"loser_holding_min":"0d 04:00","loser_holding_min_s":14400.0,"loser_holding_max":"0d 04:00","loser_holding_max_s":14400.0,"loser_holding_avg":"0d 04:00","loser_holding_avg_s":14400.0,"max_consecutive_wins":2,"max_consecutive_losses":1,"max_drawdown_account":0.002404738816387581,"max_relative_drawdown":0.002404738816387581,"max_drawdown_abs":2.41090727,"drawdown_start":"2024-06-22 04:21:00","drawdown_start_ts":1719030060000.0,"drawdown_end":"2024-06-24 06:57:00","drawdown_end_ts":1719212220000.0,"max_drawdown_low":0.1542168800000001,"max_drawdown_high":2.56512415,"csum_min":1000.15421688,"csum_max":1002.56512415}},"strategy_comparison":[{"key":"FreqaiExampleStrategy","trades":5,"profit_mean":0.00015332477455470215,"profit_mean_pct":0.02,"profit_sum":0.0007666238727735107,"profit_sum_pct":0.08,"profit_total_abs":0.1542168800000001,"profit_total":0.0001542168800000001,"profit_total_pct":0.02,"duration_avg":"2:37:00","wins":3,"draws":0,"losses":2,"winrate":0.6,"cagr":0.001942740586019287,"expectancy":0.030843375999999978,"expectancy_ratio":0.020748152592362956,"sortino":13.579946283546896,"sharpe":0.07403669861590531,"calmar":4.224861079877472,"sqn":0.045,"profit_factor":1.0518703814809076,"max_drawdown_account":0.002404738816387581,"max_drawdown_abs":"2.411"}]}